user_id,tenure_days,avg_sessions_week,tickets_last_30d,days_since_last_session,plan_type,country,account_status,cancel_reason_code,churned
U100000,5,5.93,1,4.2,pro,CA,paused,,0
U100001,509,2.55,0,14.3,basic,IN,paused,,0
U100002,671,-1.0,0,10.3,enterprise,unknown,active,,0
U100003,495,-1.0,0,0.0,pro,IN,active,,0
U100004,345,5.98,0,0.6,free,unknown,closed,price,1
U100005,745,-1.0,1,17.0,unknown,unknown,active,,0
U100006,333,-1.0,1,10.4,pro,BR,active,,0
U100007,639,1.28,0,3.4,unknown,US,paused,,0
U100008,417,1.15,0,7.0,free,IN,closed,bugs,1
U100009,23,0.46,0,8.1,basic,unknown,closed,price,1
U100010,477,4.22,0,12.4,basic,GB,active,,0
U100011,44,6.25,0,0.0,enterprise,DE,active,,0
U100012,837,3.97,0,3.0,basic,unknown,active,,0
U100013,541,0.0,0,9.6,pro,unknown,active,,0
U100014,334,-1.0,0,7.4,basic,unknown,paused,,0
U100015,437,3.67,0,11.4,free,unknown,closed,other,1
U100016,557,8.19,0,0.6,basic,IN,active,,0
U100017,234,1.09,0,10.1,free,US,closed,other,1
U100018,259,3.22,0,14.5,pro,US,active,,0
U100019,376,7.41,0,10.9,basic,US,active,,0
U100020,232,4.9,0,8.8,pro,IN,paused,,0
U100021,682,5.13,3,7.4,basic,CA,paused,,0
U100022,93,4.23,0,3.0,unknown,unknown,closed,missing_features,1
U100023,743,4.66,0,7.6,enterprise,CA,closed,price,1
U100024,313,-1.0,2,15.6,pro,unknown,active,,0
U100025,505,2.38,1,7.3,free,CA,closed,other,1
U100026,141,5.76,2,2.7,basic,IN,active,,0
U100027,346,1.25,1,5.0,free,unknown,closed,price,1
U100028,679,4.66,2,9.2,free,GB,closed,other,1
U100029,243,4.36,1,5.8,pro,BR,active,,0
U100030,119,2.77,2,10.9,pro,unknown,active,,0
U100031,469,3.95,1,11.1,unknown,BR,paused,,0
U100032,146,2.75,0,13.3,free,US,closed,price,1
U100033,283,1.86,0,16.5,basic,US,active,,0
U100034,405,3.29,0,14.0,basic,US,paused,,0
U100035,507,1.79,0,2.4,free,US,closed,missing_features,1
U100036,575,4.65,0,2.6,free,DE,active,,0
U100037,608,1.7,0,7.5,basic,IN,active,,0
U100038,759,5.42,0,5.3,free,IN,active,,0
U100039,59,1.64,1,1.2,pro,BR,closed,missing_features,1
U100040,326,2.87,1,5.3,basic,IN,active,,0
U100041,0,2.75,0,5.2,pro,BR,paused,,0
U100042,8,6.65,0,4.0,pro,US,active,,0
U100043,191,4.66,0,6.1,free,US,active,,0
U100044,538,3.58,0,15.1,pro,DE,closed,other,1
U100045,805,5.0,0,9.2,pro,BR,active,,0
U100046,696,0.0,0,22.8,basic,US,paused,,0
U100047,581,3.91,0,9.0,free,GB,active,,0
U100048,700,-1.0,1,6.3,pro,DE,active,,0
U100049,154,4.26,1,-1.0,free,US,active,,0
U100050,755,4.14,4,9.5,free,CA,closed,price,1
U100051,801,5.1,0,-1.0,free,unknown,active,,0
U100052,85,5.79,0,20.5,pro,DE,active,,0
U100053,422,0.01,1,2.9,pro,US,active,,0
U100054,747,0.64,0,13.2,pro,BR,active,,0
U100055,428,4.42,1,9.2,pro,US,paused,,0
U100056,756,2.57,1,0.0,basic,BR,paused,,0
U100057,841,6.62,0,12.6,basic,US,closed,price,1
U100058,427,3.37,1,-1.0,free,unknown,active,,0
U100059,53,0.13,0,2.9,free,US,paused,,0
U100060,306,1.46,0,7.9,pro,US,active,,0
U100061,193,0.0,0,0.0,basic,unknown,active,,0
U100062,426,-1.0,1,0.4,basic,US,active,,0
U100063,527,3.62,2,14.3,pro,US,active,,0
U100064,417,3.15,0,5.2,basic,US,active,,0
U100065,175,6.16,1,1.3,basic,IN,active,,0
U100066,271,6.4,0,9.4,basic,BR,paused,,0
U100067,611,3.66,0,4.9,free,unknown,closed,price,1
U100068,24,0.0,0,5.2,free,US,closed,price,1
U100069,192,5.23,1,12.4,basic,CA,active,,0
U100070,803,5.11,1,1.0,free,US,closed,price,1
U100071,89,4.62,1,2.6,basic,GB,active,,0
U100072,373,5.96,0,8.9,unknown,unknown,active,,0
U100073,186,1.67,2,13.8,free,IN,closed,bugs,1
U100074,94,8.02,0,15.4,free,GB,active,,0
U100075,380,2.08,0,4.0,free,US,closed,other,1
U100076,469,5.5,0,13.6,free,unknown,closed,price,1
U100077,158,0.63,0,3.3,pro,CA,active,,0
U100078,70,2.14,1,19.0,basic,US,closed,price,1
U100079,121,7.03,1,1.2,pro,US,closed,price,1
U100080,586,3.48,0,16.0,pro,US,active,,0
U100081,774,5.68,1,4.1,basic,US,paused,,0
U100082,162,4.47,1,-1.0,pro,US,closed,other,1
U100083,288,3.79,3,11.5,free,CA,closed,price,1
U100084,309,6.73,0,1.9,free,DE,active,,0
U100085,324,3.53,0,4.9,unknown,US,paused,,0
U100086,219,0.44,0,12.7,pro,CA,active,,0
U100087,49,2.39,0,14.3,basic,unknown,active,,0
U100088,472,5.1,0,7.6,free,IN,active,,0
U100089,321,4.79,0,8.3,basic,GB,paused,,0
U100090,308,0.87,0,12.6,free,US,paused,,0
U100091,238,2.55,0,-1.0,pro,unknown,active,,0
U100092,836,2.84,0,0.2,unknown,US,active,,0
U100093,549,3.27,0,3.1,basic,US,active,,0
U100094,376,1.25,1,9.4,free,unknown,closed,bugs,1
U100095,184,2.74,0,15.3,basic,GB,active,,0
U100096,721,2.54,0,17.7,basic,unknown,active,,0
U100097,799,5.54,1,12.7,free,GB,active,,0
U100098,29,5.62,2,-1.0,free,DE,active,,0
U100099,836,3.71,2,12.5,unknown,US,active,,0
U100100,629,3.22,0,4.0,enterprise,US,paused,,0
U100101,89,-1.0,2,7.1,pro,US,paused,,0
U100102,677,2.37,0,3.1,unknown,unknown,active,,0
U100103,96,1.71,1,0.5,unknown,BR,active,,0
U100104,45,2.12,1,10.0,unknown,US,paused,,0
U100105,103,2.73,2,9.1,pro,GB,closed,other,1
U100106,413,1.67,1,12.1,basic,IN,active,,0
U100107,557,4.32,2,11.3,free,IN,paused,,0
U100108,366,5.46,1,9.5,free,CA,active,,0
U100109,109,0.83,2,11.3,enterprise,CA,active,,0
U100110,179,4.05,0,7.7,basic,unknown,active,,0
U100111,767,3.56,0,10.5,free,DE,active,,0
U100112,866,4.68,1,3.6,free,BR,active,,0
U100113,678,-1.0,0,10.2,basic,unknown,active,,0
U100114,93,1.09,2,12.0,free,IN,active,,0
U100115,737,1.48,0,4.0,enterprise,US,active,,0
U100116,622,4.06,2,8.3,pro,GB,active,,0
U100117,473,6.06,0,4.3,pro,US,active,,0
U100118,128,0.0,0,-1.0,basic,unknown,active,,0
U100119,897,4.69,0,1.3,unknown,unknown,active,,0
U100120,398,-1.0,1,15.6,basic,GB,active,,0
U100121,39,3.69,0,14.4,basic,CA,closed,missing_features,1
U100122,188,5.1,2,11.2,free,US,closed,missing_features,1
U100123,361,2.59,0,19.8,basic,unknown,active,,0
U100124,56,3.76,0,6.9,unknown,US,active,,0
U100125,291,0.76,0,26.2,basic,US,closed,price,1
U100126,421,0.0,0,-1.0,free,US,active,,0
U100127,853,5.89,0,9.5,free,US,active,,0
U100128,77,2.03,0,5.6,free,CA,closed,other,1
U100129,519,3.09,1,10.2,basic,GB,active,,0
U100130,824,1.23,1,13.0,unknown,US,active,,0
U100131,725,1.18,0,7.3,enterprise,US,active,,0
U100132,832,3.65,0,18.7,basic,US,active,,0
U100133,153,2.54,0,9.4,free,US,closed,other,1
U100134,721,4.76,0,9.6,basic,US,active,,0
U100135,880,4.91,0,2.5,free,IN,closed,price,1
U100136,293,4.64,1,10.5,unknown,US,paused,,0
U100137,448,4.48,1,7.2,basic,US,active,,0
U100138,477,-1.0,0,4.4,pro,US,active,,0
U100139,444,1.86,0,3.3,free,CA,active,,0
U100140,260,3.89,0,24.0,basic,US,active,,0
U100141,873,6.27,0,-1.0,basic,US,paused,,0
U100142,860,-1.0,1,0.0,enterprise,BR,paused,,0
U100143,342,1.16,0,-1.0,unknown,US,active,,0
U100144,724,3.38,1,7.7,basic,GB,active,,0
U100145,357,6.72,1,11.3,free,CA,active,,0
U100146,715,5.02,1,11.3,free,US,active,,0
U100147,526,4.39,0,12.1,basic,CA,active,,0
U100148,423,3.56,2,4.1,basic,IN,active,,0
U100149,115,3.23,1,10.0,free,BR,active,,0
U100150,589,4.58,0,-1.0,pro,US,paused,,0
U100151,288,3.5,0,4.3,enterprise,US,paused,,0
U100152,195,3.91,1,2.5,free,US,active,,0
U100153,173,4.16,1,0.9,basic,CA,paused,,0
U100154,883,2.64,2,14.4,free,IN,closed,missing_features,1
U100155,92,5.06,0,12.1,pro,US,paused,,0
U100156,718,9.83,0,13.9,free,US,paused,,0
U100157,779,0.45,1,-1.0,pro,unknown,active,,0
U100158,27,-1.0,0,12.7,pro,US,active,,0
U100159,530,2.48,0,0.0,pro,CA,active,,0
U100160,519,5.15,1,13.2,free,IN,paused,,0
U100161,322,4.09,0,9.1,enterprise,US,closed,price,1
U100162,600,5.52,1,11.8,free,US,active,,0
U100163,367,6.35,1,10.3,free,US,active,,0
U100164,395,4.38,0,2.1,basic,unknown,active,,0
U100165,388,6.26,2,0.0,basic,US,active,,0
U100166,720,0.0,0,3.7,pro,unknown,active,,0
U100167,569,7.18,0,11.4,pro,US,active,,0
U100168,341,4.75,0,-1.0,free,US,active,,0
U100169,834,-1.0,0,0.0,unknown,DE,active,,0
U100170,721,1.56,0,2.1,free,US,active,,0
U100171,839,2.34,0,3.7,basic,GB,closed,missing_features,1
U100172,657,4.29,0,5.9,free,unknown,active,,0
U100173,352,3.97,0,0.0,enterprise,BR,active,,0
U100174,695,4.57,0,0.0,free,US,closed,price,1
U100175,296,6.17,0,3.1,free,BR,active,,0
U100176,243,0.47,1,8.5,basic,DE,active,,0
U100177,405,5.95,0,0.9,unknown,US,paused,,0
U100178,872,4.02,2,7.3,enterprise,IN,closed,bugs,1
U100179,511,3.59,0,14.4,pro,BR,active,,0
U100180,345,1.06,0,0.2,enterprise,US,active,,0
U100181,415,5.01,0,6.8,enterprise,unknown,closed,other,1
U100182,262,0.0,2,14.1,basic,CA,active,,0
U100183,592,5.3,1,-1.0,unknown,DE,closed,bugs,1
U100184,315,1.02,1,4.6,pro,unknown,active,,0
U100185,498,4.11,0,15.0,pro,US,closed,price,1
U100186,332,3.76,0,6.2,basic,BR,paused,,0
U100187,288,6.34,2,14.6,free,US,closed,missing_features,1
U100188,873,3.64,0,10.6,pro,IN,paused,,0
U100189,311,2.61,0,5.9,free,DE,active,,0
U100190,63,2.99,1,10.9,enterprise,US,paused,,0
U100191,340,6.55,2,9.9,free,CA,closed,price,1
U100192,478,5.07,1,14.1,free,US,closed,missing_features,1
U100193,85,3.23,1,4.7,pro,US,active,,0
U100194,275,3.53,0,8.2,free,US,active,,0
U100195,149,0.87,3,7.6,free,US,active,,0
U100196,450,-1.0,0,12.2,basic,US,active,,0
U100197,650,0.48,0,1.8,unknown,US,active,,0
U100198,871,5.5,0,14.1,free,IN,closed,missing_features,1
U100199,350,4.26,0,10.8,free,unknown,closed,bugs,1
U100200,776,8.77,0,0.1,pro,IN,active,,0
U100201,193,1.8,0,15.2,unknown,US,active,,0
U100202,702,3.79,1,21.4,basic,unknown,paused,,0
U100203,506,7.6,0,14.0,free,GB,closed,missing_features,1
U100204,682,6.38,1,16.6,free,unknown,closed,price,1
U100205,679,2.61,2,8.5,free,US,active,,0
U100206,479,4.45,1,0.0,unknown,IN,closed,price,1
U100207,231,4.0,2,0.0,pro,US,paused,,0
U100208,473,4.56,1,9.5,free,GB,active,,0
U100209,744,2.6,2,-1.0,basic,unknown,closed,other,1
U100210,873,3.82,1,2.5,pro,US,paused,,0
U100211,834,0.8,2,7.6,basic,US,active,,0
U100212,163,4.27,0,-1.0,free,unknown,paused,,0
U100213,537,-1.0,0,0.0,pro,GB,active,,0
U100214,94,3.55,0,5.3,pro,US,active,,0
U100215,602,0.77,1,17.1,pro,unknown,active,,0
U100216,893,5.98,0,1.5,free,unknown,active,,0
U100217,47,4.73,1,13.2,free,GB,active,,0
U100218,590,2.55,1,5.1,enterprise,DE,active,,0
U100219,850,3.44,1,11.3,unknown,US,active,,0
U100220,762,-1.0,1,14.6,free,US,closed,other,1
U100221,353,1.95,1,12.4,unknown,GB,active,,0
U100222,93,2.92,0,13.5,pro,US,paused,,0
U100223,831,6.46,0,1.1,unknown,unknown,active,,0
U100224,829,2.72,2,14.7,free,BR,active,,0
U100225,521,5.28,1,2.9,enterprise,US,active,,0
U100226,881,2.92,2,9.6,free,GB,closed,missing_features,1
U100227,4,4.5,1,9.5,basic,US,active,,0
U100228,554,3.72,0,10.9,unknown,BR,paused,,0
U100229,34,5.75,2,10.0,free,US,active,,0
U100230,842,2.93,0,-1.0,free,DE,active,,0
U100231,612,0.85,0,0.0,basic,GB,active,,0
U100232,822,1.24,0,13.2,unknown,US,paused,,0
U100233,506,2.94,0,9.1,basic,DE,active,,0
U100234,74,1.5,0,14.9,enterprise,IN,active,,0
U100235,23,4.82,1,7.7,pro,GB,paused,,0
U100236,302,3.07,0,0.0,basic,IN,active,,0
U100237,669,8.75,0,13.8,unknown,unknown,paused,,0
U100238,135,0.52,0,-1.0,free,CA,active,,0
U100239,766,4.41,1,10.1,free,GB,paused,,0
U100240,215,1.74,2,4.1,pro,US,active,,0
U100241,446,3.01,2,17.9,pro,IN,active,,0
U100242,182,4.28,0,2.7,free,GB,closed,price,1
U100243,419,0.0,2,6.0,basic,CA,active,,0
U100244,406,4.47,1,8.6,unknown,US,active,,0
U100245,4,7.81,1,1.4,enterprise,unknown,active,,0
U100246,511,3.09,0,10.0,basic,US,paused,,0
U100247,707,-1.0,2,17.7,basic,IN,active,,0
U100248,842,6.05,0,5.1,basic,US,active,,0
U100249,297,3.67,0,10.4,basic,unknown,closed,price,1
U100250,792,2.84,2,0.0,pro,US,active,,0
U100251,790,0.0,1,-1.0,enterprise,US,active,,0
U100252,889,5.28,0,-1.0,basic,unknown,active,,0
U100253,335,3.77,0,3.1,free,unknown,closed,bugs,1
U100254,765,1.97,0,14.5,free,US,closed,bugs,1
U100255,508,4.25,0,6.0,pro,CA,active,,0
U100256,52,-1.0,1,6.9,pro,IN,paused,,0
U100257,243,2.94,0,5.7,free,BR,paused,,0
U100258,604,5.21,0,0.0,free,US,active,,0
U100259,144,1.32,0,1.2,basic,GB,active,,0
U100260,391,6.09,0,13.8,free,unknown,paused,,0
U100261,697,-1.0,1,0.0,pro,IN,active,,0
U100262,134,2.67,2,3.4,free,IN,active,,0
U100263,446,7.85,3,5.6,free,GB,active,,0
U100264,193,6.25,1,18.5,enterprise,US,active,,0
U100265,482,4.2,1,12.6,free,unknown,active,,0
U100266,216,2.12,2,4.7,free,BR,active,,0
U100267,868,2.94,0,15.8,free,IN,closed,price,1
U100268,69,-1.0,0,-1.0,free,US,paused,,0
U100269,867,4.08,0,-1.0,free,unknown,active,,0
U100270,712,3.82,0,0.0,free,IN,active,,0
U100271,770,3.94,0,14.4,free,US,paused,,0
U100272,766,3.57,0,5.6,free,unknown,paused,,0
U100273,168,1.12,0,1.8,basic,US,paused,,0
U100274,837,2.97,0,6.7,pro,IN,active,,0
U100275,534,5.83,0,9.7,unknown,unknown,active,,0
U100276,865,1.26,1,5.0,free,US,active,,0
U100277,790,-1.0,0,11.3,basic,US,active,,0
U100278,521,-1.0,0,-1.0,enterprise,DE,active,,0
U100279,337,4.22,0,11.7,enterprise,GB,active,,0
U100280,105,3.22,0,10.7,free,CA,active,,0
U100281,90,6.95,2,7.6,free,DE,active,,0
U100282,350,5.01,1,5.4,free,unknown,active,,0
U100283,729,1.38,0,8.9,free,CA,active,,0
U100284,454,5.34,0,11.3,basic,US,active,,0
U100285,433,2.45,0,20.4,basic,US,closed,bugs,1
U100286,220,2.85,1,13.6,free,US,closed,other,1
U100287,507,4.63,1,13.9,basic,US,closed,price,1
U100288,574,3.02,1,26.5,unknown,US,paused,,0
U100289,883,5.79,0,11.1,free,IN,paused,,0
U100290,656,2.45,0,10.9,pro,US,paused,,0
U100291,546,2.76,2,12.2,free,unknown,active,,0
U100292,819,2.69,1,1.9,enterprise,US,active,,0
U100293,382,2.87,1,5.3,free,US,paused,,0
U100294,841,6.2,1,5.0,pro,IN,paused,,0
U100295,332,-1.0,1,11.9,enterprise,unknown,active,,0
U100296,115,7.42,1,7.0,unknown,US,paused,,0
U100297,375,8.54,1,8.8,pro,US,active,,0
U100298,115,1.94,0,14.5,pro,US,active,,0
U100299,106,4.14,0,13.2,basic,GB,closed,other,1
U100300,793,1.65,0,7.0,pro,CA,paused,,0
U100301,715,2.44,0,4.0,free,US,active,,0
U100302,199,2.74,0,14.8,basic,US,active,,0
U100303,753,1.89,0,12.6,basic,CA,paused,,0
U100304,62,1.9,0,0.0,enterprise,unknown,active,,0
U100305,255,3.71,2,6.1,basic,DE,active,,0
U100306,635,1.57,0,9.0,basic,CA,active,,0
U100307,273,5.68,0,12.7,basic,US,active,,0
U100308,657,2.16,1,13.5,free,US,active,,0
U100309,786,9.62,0,9.7,free,US,closed,bugs,1
U100310,59,3.1,2,11.5,basic,IN,paused,,0
U100311,21,4.14,1,8.4,basic,BR,active,,0
U100312,846,1.41,1,4.0,free,unknown,active,,0
U100313,468,7.41,0,6.4,basic,unknown,active,,0
U100314,455,6.24,1,8.1,basic,unknown,active,,0
U100315,417,4.59,1,7.8,free,unknown,active,,0
U100316,390,1.31,2,-1.0,basic,US,active,,0
U100317,621,4.42,1,-1.0,pro,unknown,active,,0
U100318,521,1.76,0,8.3,free,unknown,paused,,0
U100319,147,6.92,0,6.3,enterprise,GB,active,,0
U100320,563,5.62,4,6.5,enterprise,US,closed,other,1
U100321,601,4.19,0,10.9,basic,BR,active,,0
U100322,102,0.0,1,1.5,free,DE,closed,bugs,1
U100323,339,2.03,0,0.0,unknown,GB,paused,,0
U100324,711,5.38,1,-1.0,pro,US,active,,0
U100325,556,6.43,0,12.6,pro,US,active,,0
U100326,122,6.22,0,18.1,pro,US,closed,price,1
U100327,36,0.82,0,12.7,basic,BR,active,,0
U100328,523,4.6,0,0.0,basic,GB,active,,0
U100329,415,6.03,2,6.6,free,IN,active,,0
U100330,864,0.68,0,9.5,pro,US,active,,0
U100331,470,3.98,0,9.1,free,US,active,,0
U100332,838,4.55,0,11.2,pro,CA,active,,0
U100333,192,3.4,1,2.5,unknown,IN,active,,0
U100334,402,0.3,1,8.4,free,IN,closed,bugs,1
U100335,125,3.35,1,10.5,basic,US,active,,0
U100336,516,-1.0,0,13.0,free,unknown,closed,price,1
U100337,169,3.7,2,3.2,pro,US,active,,0
U100338,443,2.87,3,5.9,free,unknown,closed,price,1
U100339,309,3.11,2,0.0,unknown,US,active,,0
U100340,167,3.92,1,4.3,unknown,US,closed,price,1
U100341,87,4.88,1,4.9,unknown,BR,active,,0
U100342,460,3.39,0,1.9,pro,US,active,,0
U100343,852,3.18,1,9.0,basic,CA,paused,,0
U100344,178,4.18,0,7.7,pro,CA,active,,0
U100345,364,0.16,0,0.0,pro,US,active,,0
U100346,202,4.95,0,9.3,enterprise,IN,active,,0
U100347,728,4.0,2,2.4,unknown,unknown,closed,other,1
U100348,373,-1.0,1,10.9,basic,BR,active,,0
U100349,876,5.92,1,0.3,free,US,active,,0
U100350,220,0.09,0,8.2,basic,GB,active,,0
U100351,72,0.05,0,6.3,free,US,closed,missing_features,1
U100352,524,4.55,1,9.8,basic,US,paused,,0
U100353,586,3.99,0,8.7,basic,US,active,,0
U100354,891,4.34,2,-1.0,basic,unknown,closed,price,1
U100355,784,3.08,2,-1.0,basic,unknown,active,,0
U100356,795,5.33,1,0.0,pro,IN,active,,0
U100357,570,5.87,1,4.5,unknown,GB,closed,bugs,1
U100358,323,4.97,1,8.0,basic,CA,active,,0
U100359,386,3.48,0,4.4,basic,GB,active,,0
U100360,120,0.0,1,11.8,enterprise,GB,active,,0
U100361,387,5.54,3,6.3,free,CA,active,,0
U100362,327,6.44,1,2.2,free,US,closed,missing_features,1
U100363,32,5.29,0,6.3,free,US,paused,,0
U100364,184,2.24,2,9.4,pro,unknown,active,,0
U100365,481,5.35,0,9.9,basic,CA,active,,0
U100366,332,5.72,2,19.3,pro,unknown,active,,0
U100367,894,7.12,1,4.0,pro,US,paused,,0
U100368,430,-1.0,0,7.6,free,GB,paused,,0
U100369,862,3.55,2,10.6,enterprise,US,active,,0
U100370,594,5.49,0,7.9,pro,US,active,,0
U100371,36,4.11,0,5.0,free,US,paused,,0
U100372,183,1.77,1,0.0,basic,US,paused,,0
U100373,635,4.83,0,4.9,free,unknown,active,,0
U100374,490,5.16,1,1.6,free,US,paused,,0
U100375,271,4.18,1,0.0,free,DE,active,,0
U100376,469,4.44,1,3.2,enterprise,CA,active,,0
U100377,812,3.48,0,-1.0,basic,CA,paused,,0
U100378,349,6.96,0,11.5,basic,GB,paused,,0
U100379,40,2.2,2,11.6,pro,US,active,,0
U100380,279,2.83,0,2.6,unknown,unknown,active,,0
U100381,842,4.02,1,6.4,enterprise,BR,active,,0
U100382,685,5.76,0,0.0,pro,IN,active,,0
U100383,753,1.01,1,5.0,basic,CA,paused,,0
U100384,820,1.38,0,10.4,basic,US,active,,0
U100385,105,0.0,0,12.9,unknown,unknown,active,,0
U100386,254,4.07,0,3.7,pro,US,active,,0
U100387,53,1.76,0,14.3,unknown,US,active,,0
U100388,4,3.23,1,0.0,free,unknown,closed,price,1
U100389,751,5.32,0,0.5,enterprise,IN,active,,0
U100390,843,-1.0,1,12.3,basic,DE,active,,0
U100391,140,4.46,1,-1.0,free,IN,closed,missing_features,1
U100392,649,3.4,1,11.0,basic,IN,paused,,0
U100393,481,5.34,0,7.8,pro,US,paused,,0
U100394,62,4.95,0,0.0,free,unknown,closed,missing_features,1
U100395,824,2.62,0,0.0,basic,CA,active,,0
U100396,784,3.66,0,8.8,pro,DE,paused,,0
U100397,510,6.09,2,5.9,free,US,active,,0
U100398,637,-1.0,3,1.4,basic,unknown,active,,0
U100399,357,1.21,1,8.4,basic,US,active,,0
U100400,713,5.31,2,8.7,free,US,paused,,0
U100401,400,1.83,0,13.7,enterprise,CA,active,,0
U100402,890,6.83,0,8.8,pro,unknown,active,,0
U100403,56,-1.0,1,15.4,free,US,closed,price,1
U100404,154,4.58,3,8.0,unknown,DE,closed,missing_features,1
U100405,871,4.31,2,-1.0,enterprise,US,closed,price,1
U100406,259,3.58,1,14.4,free,unknown,closed,price,1
U100407,279,-1.0,1,-1.0,pro,US,active,,0
U100408,712,3.26,0,24.9,free,IN,closed,price,1
U100409,170,4.47,0,10.3,unknown,CA,closed,bugs,1
U100410,462,5.74,0,10.3,pro,DE,active,,0
U100411,257,2.88,0,11.2,pro,GB,active,,0
U100412,178,2.77,1,19.3,free,CA,closed,price,1
U100413,867,1.61,0,12.8,enterprise,unknown,paused,,0
U100414,179,1.87,1,0.0,free,US,closed,missing_features,1
U100415,84,0.34,0,16.4,free,US,closed,missing_features,1
U100416,606,-1.0,1,6.0,free,DE,active,,0
U100417,780,7.62,1,8.6,pro,BR,active,,0
U100418,114,6.85,3,0.3,free,US,closed,missing_features,1
U100419,637,0.75,1,11.2,enterprise,CA,paused,,0
U100420,486,5.45,1,4.1,unknown,unknown,active,,0
U100421,747,-1.0,1,8.6,free,IN,closed,price,1
U100422,114,3.09,0,6.3,free,unknown,active,,0
U100423,878,4.2,1,19.6,unknown,GB,active,,0
U100424,557,0.0,0,19.9,basic,DE,active,,0
U100425,757,-1.0,0,8.3,pro,US,paused,,0
U100426,325,1.87,1,8.4,free,unknown,closed,missing_features,1
U100427,849,4.4,0,5.8,pro,US,active,,0
U100428,563,0.88,0,14.6,free,IN,closed,other,1
U100429,114,5.09,2,6.0,pro,CA,paused,,0
U100430,830,-1.0,0,5.5,enterprise,GB,paused,,0
U100431,716,2.43,1,13.9,pro,unknown,active,,0
U100432,270,1.73,1,4.8,pro,GB,active,,0
U100433,491,0.0,1,7.8,unknown,unknown,active,,0
U100434,349,3.47,1,0.0,free,CA,closed,price,1
U100435,489,-1.0,3,12.2,free,DE,closed,price,1
U100436,868,0.9,0,19.6,free,US,closed,bugs,1
U100437,809,4.91,2,12.3,basic,CA,active,,0
U100438,193,3.1,0,16.8,pro,CA,active,,0
U100439,874,1.85,0,-1.0,basic,US,active,,0
U100440,394,2.89,2,9.4,enterprise,US,active,,0
U100441,634,6.14,1,2.3,free,unknown,active,,0
U100442,687,5.21,0,6.6,pro,DE,paused,,0
U100443,434,3.74,0,12.6,free,DE,active,,0
U100444,410,5.24,1,8.6,free,US,closed,bugs,1
U100445,410,1.68,0,0.0,pro,US,active,,0
U100446,776,4.06,0,0.1,unknown,US,active,,0
U100447,347,4.29,0,0.0,basic,IN,active,,0
U100448,251,3.06,1,10.9,free,BR,active,,0
U100449,325,4.87,0,20.4,basic,US,active,,0
U100450,175,2.44,1,16.2,free,DE,closed,missing_features,1
U100451,352,5.02,0,0.0,enterprise,US,paused,,0
U100452,102,5.1,0,16.5,pro,US,active,,0
U100453,80,0.0,1,13.6,free,US,closed,missing_features,1
U100454,651,6.38,2,0.0,free,US,active,,0
U100455,69,0.0,0,6.2,free,DE,active,,0
U100456,511,2.77,1,14.6,unknown,unknown,paused,,0
U100457,701,6.05,0,11.3,basic,US,active,,0
U100458,652,-1.0,0,0.1,pro,GB,active,,0
U100459,401,1.07,0,-1.0,basic,unknown,active,,0
U100460,174,1.81,0,0.0,basic,unknown,active,,0
U100461,837,6.05,0,6.7,free,DE,active,,0
U100462,751,0.16,0,14.8,enterprise,unknown,active,,0
U100463,550,6.26,0,8.1,free,DE,paused,,0
U100464,78,3.89,1,5.0,unknown,US,paused,,0
U100465,31,1.62,0,-1.0,pro,unknown,active,,0
U100466,283,2.83,1,-1.0,basic,US,active,,0
U100467,141,1.97,0,15.9,enterprise,IN,closed,bugs,1
U100468,774,5.73,0,13.2,free,US,closed,missing_features,1
U100469,185,5.46,0,14.5,basic,CA,closed,price,1
U100470,254,0.56,0,-1.0,basic,BR,paused,,0
U100471,878,3.19,0,-1.0,basic,DE,active,,0
U100472,736,2.27,0,8.5,free,CA,active,,0
U100473,196,6.59,0,6.6,unknown,unknown,paused,,0
U100474,345,1.3,0,0.7,free,BR,closed,price,1
U100475,464,7.21,0,2.3,free,US,active,,0
U100476,597,3.93,0,-1.0,basic,GB,active,,0
U100477,842,1.68,1,9.4,unknown,CA,active,,0
U100478,784,2.65,0,16.6,basic,DE,active,,0
U100479,879,2.4,0,7.7,basic,US,active,,0
U100480,36,1.45,0,14.0,basic,US,active,,0
U100481,212,4.19,1,14.5,free,unknown,paused,,0
U100482,506,-1.0,0,6.6,basic,unknown,active,,0
U100483,44,-1.0,0,11.6,free,BR,active,,0
U100484,319,3.24,2,6.5,free,unknown,active,,0
U100485,138,0.39,1,15.9,basic,IN,paused,,0
U100486,839,2.5,1,11.8,basic,unknown,active,,0
U100487,56,2.18,1,0.9,free,IN,paused,,0
U100488,133,2.26,0,9.0,basic,CA,paused,,0
U100489,175,8.0,1,17.9,unknown,CA,active,,0
U100490,133,4.11,1,6.9,pro,US,active,,0
U100491,511,4.49,2,10.7,basic,DE,paused,,0
U100492,327,0.45,1,11.3,pro,US,paused,,0
U100493,821,2.69,1,1.8,free,US,active,,0
U100494,234,4.43,0,11.1,unknown,GB,closed,missing_features,1
U100495,483,1.95,1,0.0,basic,CA,active,,0
U100496,594,-1.0,0,4.2,basic,unknown,active,,0
U100497,563,1.59,0,14.5,basic,BR,active,,0
U100498,716,3.43,1,10.1,basic,BR,paused,,0
U100499,181,-1.0,2,6.2,basic,US,active,,0
U100500,456,4.33,0,10.7,pro,US,active,,0
U100501,720,2.72,1,7.6,enterprise,US,active,,0
U100502,776,3.46,1,8.1,enterprise,IN,active,,0
U100503,556,3.53,1,11.9,basic,BR,active,,0
U100504,586,2.53,1,3.6,basic,US,active,,0
U100505,777,-1.0,0,8.2,pro,IN,active,,0
U100506,562,4.48,1,6.1,free,US,active,,0
U100507,853,3.82,1,0.0,pro,US,active,,0
U100508,114,3.14,0,2.5,basic,unknown,active,,0
U100509,313,5.59,0,17.4,free,US,closed,missing_features,1
U100510,100,3.53,0,10.3,free,US,active,,0
U100511,81,3.39,0,0.1,pro,CA,active,,0
U100512,424,4.21,1,0.0,free,DE,active,,0
U100513,203,7.39,1,7.3,free,unknown,closed,price,1
U100514,366,1.32,0,17.4,free,unknown,paused,,0
U100515,394,5.54,0,6.9,free,US,closed,missing_features,1
U100516,558,0.21,0,15.8,free,unknown,closed,missing_features,1
U100517,851,4.43,3,10.1,pro,IN,paused,,0
U100518,764,-1.0,1,10.8,free,US,active,,0
U100519,340,-1.0,1,0.0,pro,unknown,active,,0
U100520,293,4.34,0,13.6,enterprise,DE,paused,,0
U100521,693,2.88,0,6.0,basic,US,active,,0
U100522,111,4.06,0,13.2,free,BR,closed,missing_features,1
U100523,486,3.5,0,3.1,basic,US,active,,0
U100524,380,2.43,3,9.1,free,CA,active,,0
U100525,164,3.42,1,10.1,basic,GB,active,,0
U100526,554,4.4,0,7.1,unknown,GB,active,,0
U100527,288,2.47,0,10.4,unknown,IN,closed,missing_features,1
U100528,167,2.39,0,6.4,pro,DE,active,,0
U100529,587,1.28,1,4.1,free,unknown,closed,bugs,1
U100530,156,4.78,0,17.6,pro,unknown,closed,bugs,1
U100531,605,5.09,1,14.3,pro,GB,active,,0
U100532,145,4.46,1,3.4,basic,US,paused,,0
U100533,391,5.93,1,11.4,basic,IN,active,,0
U100534,727,4.18,1,3.5,free,unknown,closed,price,1
U100535,205,4.78,1,0.9,unknown,US,active,,0
U100536,690,4.61,0,14.2,basic,CA,paused,,0
U100537,649,3.82,0,0.0,free,CA,closed,other,1
U100538,812,2.94,1,13.6,free,US,closed,missing_features,1
U100539,151,8.43,0,6.5,pro,DE,paused,,0
U100540,643,3.1,0,6.7,unknown,US,paused,,0
U100541,843,2.67,1,10.5,basic,IN,active,,0
U100542,686,-1.0,1,11.5,pro,BR,active,,0
U100543,169,4.5,1,3.0,unknown,BR,closed,price,1
U100544,739,1.19,1,12.3,free,CA,paused,,0
U100545,96,6.25,0,8.7,basic,US,active,,0
U100546,529,3.81,1,0.5,basic,unknown,active,,0
U100547,447,-1.0,1,7.0,free,BR,active,,0
U100548,477,6.38,1,16.3,pro,CA,active,,0
U100549,467,5.25,0,18.1,basic,unknown,active,,0
U100550,28,1.47,1,12.3,basic,US,active,,0
U100551,457,7.55,1,0.9,free,BR,closed,price,1
U100552,843,5.32,0,10.9,free,US,paused,,0
U100553,393,3.98,0,13.1,enterprise,US,active,,0
U100554,249,7.18,1,12.4,free,GB,active,,0
U100555,895,4.32,2,12.7,free,US,closed,price,1
U100556,89,-1.0,0,10.2,free,US,active,,0
U100557,437,2.68,2,7.6,basic,US,closed,missing_features,1
U100558,461,5.16,0,4.3,basic,CA,active,,0
U100559,430,4.95,0,0.0,basic,IN,active,,0
U100560,829,4.03,0,10.0,free,US,closed,bugs,1
U100561,379,2.42,1,9.1,free,DE,closed,bugs,1
U100562,875,4.26,1,11.3,pro,BR,active,,0
U100563,60,3.86,0,0.0,basic,unknown,active,,0
U100564,660,1.33,0,11.9,basic,US,active,,0
U100565,533,1.06,1,20.3,pro,BR,closed,missing_features,1
U100566,216,5.13,0,8.5,pro,BR,active,,0
U100567,205,0.0,1,7.6,free,GB,closed,missing_features,1
U100568,647,4.41,0,-1.0,basic,BR,active,,0
U100569,573,3.04,0,20.2,basic,US,closed,bugs,1
U100570,550,6.62,2,1.9,free,US,closed,missing_features,1
U100571,45,3.01,0,9.2,pro,unknown,paused,,0
U100572,538,-1.0,0,3.2,unknown,US,active,,0
U100573,883,3.21,1,4.7,pro,IN,active,,0
U100574,15,4.23,2,7.7,enterprise,unknown,closed,bugs,1
U100575,422,5.47,2,16.1,basic,unknown,active,,0
U100576,444,3.07,2,18.8,enterprise,CA,closed,missing_features,1
U100577,807,5.99,1,10.7,basic,US,active,,0
U100578,254,2.01,1,5.7,enterprise,US,active,,0
U100579,428,4.59,1,23.0,free,US,closed,bugs,1
U100580,645,5.85,1,5.4,basic,IN,active,,0
U100581,54,5.32,0,4.6,basic,US,closed,other,1
U100582,720,7.83,0,0.0,free,US,active,,0
U100583,739,2.47,1,16.4,basic,US,closed,price,1
U100584,647,1.24,0,13.8,unknown,US,active,,0
U100585,583,2.01,1,22.5,unknown,BR,closed,missing_features,1
U100586,672,5.32,0,0.0,unknown,US,active,,0
U100587,703,5.0,0,16.7,free,unknown,active,,0
U100588,813,4.2,0,8.4,free,US,active,,0
U100589,385,1.75,1,12.8,free,DE,active,,0
U100590,410,5.53,0,0.0,enterprise,CA,active,,0
U100591,574,1.55,3,16.8,basic,US,closed,bugs,1
U100592,173,6.32,1,12.7,free,BR,active,,0
U100593,770,9.71,1,7.8,basic,unknown,active,,0
U100594,693,4.73,0,11.9,free,BR,paused,,0
U100595,567,5.17,0,3.4,free,US,active,,0
U100596,271,3.01,0,4.5,pro,US,active,,0
U100597,312,0.38,1,5.2,basic,DE,active,,0
U100598,391,2.79,1,0.0,unknown,US,paused,,0
U100599,596,1.81,0,-1.0,basic,IN,closed,price,1
